{
  "properties": {
    "connectionReferences": {
      "shared_microsofttranslatorv": {
        "runtimeSource": "invoker",
        "connection": {
          "connectionReferenceLogicalName": "digphil_sharedmicrosofttranslatorv_789dc"
        },
        "api": {
          "name": "shared_microsofttranslatorv"
        }
      },
      "shared_azureblob": {
        "runtimeSource": "invoker",
        "connection": {
          "connectionReferenceLogicalName": "digphil_sharedazureblob_7926d"
        },
        "api": {
          "name": "shared_azureblob"
        }
      }
    },
    "definition": {
      "$schema": "https://schema.management.azure.com/providers/Microsoft.Logic/schemas/2016-06-01/workflowdefinition.json#",
      "contentVersion": "1.0.0.0",
      "parameters": {
        "$connections": {
          "defaultValue": {},
          "type": "Object"
        },
        "$authentication": {
          "defaultValue": {},
          "type": "SecureObject"
        }
      },
      "triggers": {
        "manual": {
          "metadata": {
            "operationMetadataId": "b5d40948-cf79-45ef-b226-cee4b121f204"
          },
          "type": "Request",
          "kind": "PowerAppV2",
          "inputs": {
            "schema": {
              "type": "object",
              "properties": {
                "text": {
                  "title": "Language",
                  "type": "string",
                  "x-ms-dynamically-added": true,
                  "description": "Please enter your input",
                  "x-ms-content-hint": "TEXT"
                },
                "text_1": {
                  "title": "URL",
                  "type": "string",
                  "x-ms-dynamically-added": true,
                  "description": "Please enter your input",
                  "x-ms-content-hint": "TEXT"
                },
                "text_2": {
                  "title": "fileNameandExt",
                  "type": "string",
                  "x-ms-dynamically-added": true,
                  "description": "Please enter your input",
                  "x-ms-content-hint": "TEXT"
                }
              },
              "required": [
                "text",
                "text_1",
                "text_2"
              ]
            }
          }
        }
      },
      "actions": {
        "Start_document_translation": {
          "runAfter": {
            "Delay": [
              "Succeeded"
            ]
          },
          "metadata": {
            "operationMetadataId": "2441df27-158e-4643-a7bc-e53e0042a89b"
          },
          "type": "OpenApiConnection",
          "inputs": {
            "host": {
              "connectionName": "shared_microsofttranslatorv",
              "operationId": "StartDocumentTranslation",
              "apiId": "/providers/Microsoft.PowerApps/apis/shared_microsofttranslatorv"
            },
            "parameters": {
              "Input/storageType": "File",
              "Input/sourceLanguage": "Auto-detect",
              "Input/sourceURL": "@triggerBody()['text_1']",
              "Input/targetContainerURL": "https://translatorsa1611230839.blob.core.windows.net/translated-files",
              "Input/targetLanguage": "@triggerBody()['text']"
            },
            "authentication": "@parameters('$authentication')"
          }
        },
        "Get_documents_status": {
          "runAfter": {
            "Start_document_translation": [
              "Succeeded"
            ]
          },
          "metadata": {
            "operationMetadataId": "2824a5ef-f095-414f-b2ad-1e558eeea704"
          },
          "type": "OpenApiConnection",
          "inputs": {
            "host": {
              "connectionName": "shared_microsofttranslatorv",
              "operationId": "GetDocumentsStatus",
              "apiId": "/providers/Microsoft.PowerApps/apis/shared_microsofttranslatorv"
            },
            "parameters": {
              "id": "@body('Start_document_translation').operationID"
            },
            "authentication": "@parameters('$authentication')"
          }
        },
        "Delay": {
          "runAfter": {},
          "metadata": {
            "operationMetadataId": "bb78266e-2f69-460e-9b5f-16861c3136d1"
          },
          "type": "Wait",
          "inputs": {
            "interval": {
              "count": 15,
              "unit": "Second"
            }
          }
        },
        "Respond_to_a_PowerApp_or_flow": {
          "runAfter": {
            "Apply_to_each": [
              "Succeeded"
            ]
          },
          "metadata": {
            "operationMetadataId": "6fffc3fe-da73-40a4-8013-1caac482afaf"
          },
          "type": "Response",
          "kind": "PowerApp",
          "inputs": {
            "statusCode": 200,
            "body": {
              "translateddocument": "https://translatorsa1611230839.blob.core.windows.net/translated-files/@{triggerBody()['text']}/@{triggerBody()['text_2']}"
            },
            "schema": {
              "type": "object",
              "properties": {
                "translateddocument": {
                  "title": "TranslatedDocument",
                  "x-ms-dynamically-added": true,
                  "type": "string"
                }
              }
            }
          }
        },
        "Lists_blobs_(V2)": {
          "runAfter": {
            "Get_documents_status": [
              "Succeeded"
            ]
          },
          "metadata": {
            "JTJmZmlsZXMtdG8tdHJhbnNsYXRl": "/files-to-translate",
            "operationMetadataId": "6ac39300-8272-4913-a110-a6c29a8fb9b6"
          },
          "type": "OpenApiConnection",
          "inputs": {
            "host": {
              "connectionName": "shared_azureblob",
              "operationId": "ListFolder_V4",
              "apiId": "/providers/Microsoft.PowerApps/apis/shared_azureblob"
            },
            "parameters": {
              "dataset": "AccountNameFromSettings",
              "id": "JTJmZmlsZXMtdG8tdHJhbnNsYXRl",
              "nextPageMarker": "",
              "useFlatListing": false
            },
            "authentication": "@parameters('$authentication')"
          }
        },
        "Apply_to_each": {
          "foreach": "@outputs('Lists_blobs_(V2)')?['body/value']",
          "actions": {
            "Copy_blob_(V2)": {
              "runAfter": {},
              "metadata": {
                "operationMetadataId": "e66e0824-c749-4eba-adfb-f2ce7f4a2bf6"
              },
              "type": "OpenApiConnection",
              "inputs": {
                "host": {
                  "connectionName": "shared_azureblob",
                  "operationId": "CopyFile_V2",
                  "apiId": "/providers/Microsoft.PowerApps/apis/shared_azureblob"
                },
                "parameters": {
                  "dataset": "AccountNameFromSettings",
                  "source": "https://translatorsa1611230839.blob.core.windows.net@{items('Apply_to_each')?['Path']}",
                  "destination": "/source-history/@{triggerBody()['text_2']}",
                  "overwrite": true
                },
                "authentication": "@parameters('$authentication')"
              }
            },
            "Delete_blob_(V2)": {
              "runAfter": {
                "Copy_blob_(V2)": [
                  "Succeeded"
                ]
              },
              "metadata": {
                "operationMetadataId": "245d7968-9394-441a-8fc4-49d2044de2d6"
              },
              "type": "OpenApiConnection",
              "inputs": {
                "host": {
                  "connectionName": "shared_azureblob",
                  "operationId": "DeleteFile_V2",
                  "apiId": "/providers/Microsoft.PowerApps/apis/shared_azureblob"
                },
                "parameters": {
                  "dataset": "AccountNameFromSettings",
                  "id": "/files-to-translate/@{items('Apply_to_each')?['DisplayName']}"
                },
                "authentication": "@parameters('$authentication')"
              }
            }
          },
          "runAfter": {
            "Lists_blobs_(V2)": [
              "Succeeded"
            ]
          },
          "metadata": {
            "operationMetadataId": "4fe36fd8-b383-43dd-a1fc-e169ddf24ab9"
          },
          "type": "Foreach"
        }
      }
    },
    "templateName": ""
  },
  "schemaVersion": "1.0.0.0"
}