<ImportExportXml xmlns:xsi="http://www.w3.org/2001/XMLSchema-instance">
  <Entities></Entities>
  <Roles></Roles>
  <Workflows>
    <Workflow WorkflowId="{0f5c847b-5e84-ee11-8179-6045bd0cfca3}" Name="Translate single document" Description="This flow ingests a single document from Power Apps into Azure Blob Storage and passes it to the Translator service for processing. It moves the source file from the Blob container into an archive container, leaving only the translated file in Blob container.">
      <JsonFileName>/Workflows/Translatesingledocument-0F5C847B-5E84-EE11-8179-6045BD0CFCA3.json</JsonFileName>
      <Type>1</Type>
      <Subprocess>0</Subprocess>
      <Category>5</Category>
      <Mode>0</Mode>
      <Scope>4</Scope>
      <OnDemand>0</OnDemand>
      <TriggerOnCreate>0</TriggerOnCreate>
      <TriggerOnDelete>0</TriggerOnDelete>
      <AsyncAutodelete>0</AsyncAutodelete>
      <SyncWorkflowLogOnFailure>0</SyncWorkflowLogOnFailure>
      <StateCode>1</StateCode>
      <StatusCode>2</StatusCode>
      <RunAs>1</RunAs>
      <IsTransacted>1</IsTransacted>
      <IntroducedVersion>1.0.0.0</IntroducedVersion>
      <IsCustomizable>1</IsCustomizable>
      <BusinessProcessType>0</BusinessProcessType>
      <IsCustomProcessingStepAllowedForOtherPublishers>1</IsCustomProcessingStepAllowedForOtherPublishers>
      <PrimaryEntity>none</PrimaryEntity>
      <LocalizedNames>
        <LocalizedName languagecode="1033" description="Translate single document" />
      </LocalizedNames>
      <Descriptions>
        <Description languagecode="1033" description="This flow ingests a single document from Power Apps into Azure Blob Storage and passes it to the Translator service for processing. It moves the source file from the Blob container into an archive container, leaving only the translated file in Blob container." />
      </Descriptions>
    </Workflow>
    <Workflow WorkflowId="{5681e4fb-2885-ee11-8179-6045bd0cfca3}" Name="Translate multiple documents" Description="This flow ingests a single document from Power Apps into Azure Blob Storage and passes it to the Translator service for processing. It moves the source file from the Blob container into an archive container, leaving only the translated file in Blob container.">
      <JsonFileName>/Workflows/Translatemultipledocuments-5681E4FB-2885-EE11-8179-6045BD0CFCA3.json</JsonFileName>
      <Type>1</Type>
      <Subprocess>0</Subprocess>
      <Category>5</Category>
      <Mode>0</Mode>
      <Scope>4</Scope>
      <OnDemand>0</OnDemand>
      <TriggerOnCreate>0</TriggerOnCreate>
      <TriggerOnDelete>0</TriggerOnDelete>
      <AsyncAutodelete>0</AsyncAutodelete>
      <SyncWorkflowLogOnFailure>0</SyncWorkflowLogOnFailure>
      <StateCode>1</StateCode>
      <StatusCode>2</StatusCode>
      <RunAs>1</RunAs>
      <IsTransacted>1</IsTransacted>
      <IntroducedVersion>1.0</IntroducedVersion>
      <IsCustomizable>1</IsCustomizable>
      <BusinessProcessType>0</BusinessProcessType>
      <IsCustomProcessingStepAllowedForOtherPublishers>1</IsCustomProcessingStepAllowedForOtherPublishers>
      <PrimaryEntity>none</PrimaryEntity>
      <LocalizedNames>
        <LocalizedName languagecode="1033" description="Translate multiple documents" />
      </LocalizedNames>
      <Descriptions>
        <Description languagecode="1033" description="This flow ingests a single document from Power Apps into Azure Blob Storage and passes it to the Translator service for processing. It moves the source file from the Blob container into an archive container, leaving only the translated file in Blob container." />
      </Descriptions>
    </Workflow>
    <Workflow WorkflowId="{eed5a3d0-4b85-ee11-8179-6045bd0cfca3}" Name="Clear files-to-translate blob">
      <JsonFileName>/Workflows/Clearfiles-to-translateblob-EED5A3D0-4B85-EE11-8179-6045BD0CFCA3.json</JsonFileName>
      <Type>1</Type>
      <Subprocess>0</Subprocess>
      <Category>5</Category>
      <Mode>0</Mode>
      <Scope>4</Scope>
      <OnDemand>0</OnDemand>
      <TriggerOnCreate>0</TriggerOnCreate>
      <TriggerOnDelete>0</TriggerOnDelete>
      <AsyncAutodelete>0</AsyncAutodelete>
      <SyncWorkflowLogOnFailure>0</SyncWorkflowLogOnFailure>
      <StateCode>1</StateCode>
      <StatusCode>2</StatusCode>
      <RunAs>1</RunAs>
      <IsTransacted>1</IsTransacted>
      <IntroducedVersion>1.0.0.0</IntroducedVersion>
      <IsCustomizable>1</IsCustomizable>
      <BusinessProcessType>0</BusinessProcessType>
      <IsCustomProcessingStepAllowedForOtherPublishers>1</IsCustomProcessingStepAllowedForOtherPublishers>
      <PrimaryEntity>none</PrimaryEntity>
      <LocalizedNames>
        <LocalizedName languagecode="1033" description="Clear files-to-translate blob" />
      </LocalizedNames>
    </Workflow>
  </Workflows>
  <FieldSecurityProfiles></FieldSecurityProfiles>
  <Templates />
  <EntityMaps />
  <EntityRelationships />
  <OrganizationSettings />
  <optionsets />
  <CustomControls />
  <EntityDataProviders />
  <CanvasApps>
    <CanvasApp>
      <Name>digphil_digpackstranslatorpro_7674a</Name>
      <AppVersion>2023-11-17T13:27:13Z</AppVersion>
      <Status>Ready</Status>
      <CreatedByClientVersion>3.23105.18.0</CreatedByClientVersion>
      <MinClientVersion>3.23105.18.0</MinClientVersion>
      <Tags>{"primaryDeviceWidth":"1366","primaryDeviceHeight":"768","supportsPortrait":"true","supportsLandscape":"true","primaryFormFactor":"Tablet","showStatusBar":"false","publisherVersion":"3.23105.18","minimumRequiredApiVersion":"2.2.0","hasComponent":"false","hasUnlockedComponent":"false","isUnifiedRootApp":"false","sienaVersion":"20231117T103357Z-3.23105.18.0"}</Tags>
      <IsCdsUpgraded>0</IsCdsUpgraded>
      <GalleryItemId xsi:nil="true"></GalleryItemId>
      <BackgroundColor>RGBA(0,176,240,1)</BackgroundColor>
      <DisplayName>Digpacks Translator Pro</DisplayName>
      <Description>Empowers business users to effortlessly translate and store documents with Digpacks Translator Pro. Seamlessly create files, translate content, and navigate through screens for a smooth user experience.</Description>
      <CommitMessage xsi:nil="true"></CommitMessage>
      <Publisher xsi:nil="true"></Publisher>
      <AuthorizationReferences>[]</AuthorizationReferences>
      <ConnectionReferences>{"d7cf8adf-0e2c-4425-b0c7-8d3430508da4":{"id":"/providers/microsoft.powerapps/apis/shared_azureblob","xrmConnectionReferenceLogicalName":"digphil_sharedazureblob_7926d","displayName":"Azure Blob Storage","executionRestrictions":{"version":1,"modifiedOn":"2023-11-17 13:27:12","appVer":"3.23105.18","apiId":"/providers/microsoft.powerapps/apis/shared_azureblob","policy":"{\"type\":\"action\",\"dataSources\":{\"actions\":[\"createfile\"]}}"},"iconUri":"https://connectoricons-prod.azureedge.net/releases/v1.0.1664/1.0.1664.3477/azureblob/icon.png","dataSources":["AzureBlobStorage"],"dependencies":[],"dependents":["c7211950-8841-4a84-a0bb-d7e10c20cf00","cdfd8599-cf49-496c-af7d-38e852d335db"],"parameterHints":{},"parameterHintsV2":{},"isOnPremiseConnection":false,"sharedConnectionId":"5feb91ca-5ba9-4336-a82b-f4ed1efa616b","bypassConsent":false,"dataSets":{},"apiTier":"Premium","actions":["CreateFile"],"endpoints":["translatorsa1611230839"],"authenticationType":"keyBasedAuth"},"eea059dc-6636-49dc-81e4-81a818488ff6":{"id":"/providers/microsoft.powerapps/apis/shared_sharepointonline","displayName":"SharePoint","iconUri":"https://connectoricons-prod.azureedge.net/releases/v1.0.1664/1.0.1664.3477/sharepointonline/icon.png","dataSources":["Documents"],"dependencies":[],"dependents":[],"parameterHints":{},"parameterHintsV2":{},"isOnPremiseConnection":false,"bypassConsent":false,"dataSets":{"https://digpackscouk.sharepoint.com/sites/DigNet":{"dataSources":{"Documents":{"tableName":"1f9a35ab-69d3-4123-8195-8cb83673efdb"}}}},"apiTier":"Standard"},"76e5c859-e740-4578-9265-cffbcd2a2b5d":{"id":"/providers/microsoft.powerapps/apis/shared_sharepointonline","displayName":"SharePoint","iconUri":"https://connectoricons-prod.azureedge.net/releases/v1.0.1664/1.0.1664.3477/sharepointonline/icon.png","dataSources":["SellHourForWho"],"dependencies":[],"dependents":[],"parameterHints":{},"parameterHintsV2":{},"isOnPremiseConnection":false,"bypassConsent":false,"dataSets":{"https://digpackscouk.sharepoint.com/sites/DigpacksLtd":{"dataSources":{"SellHourForWho":{"tableName":"8656cf85-7e35-47db-9501-52186ea62e67"}}}},"apiTier":"Standard"},"c7211950-8841-4a84-a0bb-d7e10c20cf00":{"id":"/providers/microsoft.powerapps/apis/shared_logicflows","displayName":"Logic flows","iconUri":"https://connectoricons-prod.azureedge.net/releases/v1.0.1664/1.0.1664.3477/logicflows/icon.png","dataSources":["Translatesingledocument"],"dependencies":["c799e22f-22b1-4d5a-b6f4-e913c2c7754c","d7cf8adf-0e2c-4425-b0c7-8d3430508da4"],"dependents":[],"parameterHints":{"workflowName":{"value":"a488abae-d09d-4360-8d35-7d2f17dae253"},"workflowEntityId":{"value":"0f5c847b-5e84-ee11-8179-6045bd0cfca3"},"c799e22f-22b1-4d5a-b6f4-e913c2c7754c":{"value":"shared_microsofttranslatorv"},"d7cf8adf-0e2c-4425-b0c7-8d3430508da4":{"value":"shared_azureblob"}},"parameterHintsV2":{"workflowName":{"value":"a488abae-d09d-4360-8d35-7d2f17dae253"},"workflowEntityId":{"value":"0f5c847b-5e84-ee11-8179-6045bd0cfca3"},"shared_microsofttranslatorv":{"value":"c799e22f-22b1-4d5a-b6f4-e913c2c7754c"},"shared_azureblob":{"value":"d7cf8adf-0e2c-4425-b0c7-8d3430508da4"}},"isOnPremiseConnection":false,"bypassConsent":false,"dataSets":{},"apiTier":"Standard","actions":["Run"]},"c799e22f-22b1-4d5a-b6f4-e913c2c7754c":{"id":"/providers/microsoft.powerapps/apis/shared_microsofttranslatorv","displayName":"Microsoft Translator V3","iconUri":"https://connectoricons-prod.azureedge.net/releases/v1.0.1657/1.0.1657.3443/microsofttranslatorv/icon.png","dataSources":[],"dependencies":[],"dependents":["c7211950-8841-4a84-a0bb-d7e10c20cf00","cdfd8599-cf49-496c-af7d-38e852d335db"],"parameterHints":{},"parameterHintsV2":{},"isOnPremiseConnection":false,"bypassConsent":false,"dataSets":{},"apiTier":"Standard"},"cdfd8599-cf49-496c-af7d-38e852d335db":{"id":"/providers/microsoft.powerapps/apis/shared_logicflows","displayName":"Logic flows","iconUri":"https://connectoricons-prod.azureedge.net/releases/v1.0.1664/1.0.1664.3477/logicflows/icon.png","dataSources":["Translatemultipledocuments"],"dependencies":["d7cf8adf-0e2c-4425-b0c7-8d3430508da4","c799e22f-22b1-4d5a-b6f4-e913c2c7754c"],"dependents":[],"parameterHints":{"workflowName":{"value":"4ef5e8ff-ddce-4f62-811d-0c5620332713"},"workflowEntityId":{"value":"5681e4fb-2885-ee11-8179-6045bd0cfca3"},"d7cf8adf-0e2c-4425-b0c7-8d3430508da4":{"value":"shared_azureblob"},"c799e22f-22b1-4d5a-b6f4-e913c2c7754c":{"value":"shared_microsofttranslatorv"}},"parameterHintsV2":{"workflowName":{"value":"4ef5e8ff-ddce-4f62-811d-0c5620332713"},"workflowEntityId":{"value":"5681e4fb-2885-ee11-8179-6045bd0cfca3"},"shared_azureblob":{"value":"d7cf8adf-0e2c-4425-b0c7-8d3430508da4"},"shared_microsofttranslatorv":{"value":"c799e22f-22b1-4d5a-b6f4-e913c2c7754c"}},"isOnPremiseConnection":false,"bypassConsent":false,"dataSets":{},"apiTier":"Standard","actions":["Run"]}}</ConnectionReferences>
      <DatabaseReferences>{"default.cds":{"databaseDetails":{"referenceType":"Environmental","environmentName":"default.cds","overrideValues":{"status":"NotSpecified","environmentVariableName":""}},"dataSources":{"Activities":{"entitySetName":"activitypointers","logicalName":"activitypointer"}}}}</DatabaseReferences>
      <AppComponents>[]</AppComponents>
      <AppComponentDependencies>[]</AppComponentDependencies>
      <CanConsumeAppPass>1</CanConsumeAppPass>
      <CanvasAppType>0</CanvasAppType>
      <BypassConsent>0</BypassConsent>
      <AdminControlBypassConsent>0</AdminControlBypassConsent>
      <EmbeddedApp xsi:nil="true"></EmbeddedApp>
      <IntroducedVersion>1.0</IntroducedVersion>
      <CdsDependencies>{"cdsdependencies":[{"dependencyid":"0f5c847b-5e84-ee11-8179-6045bd0cfca3","componenttype":29,"componenttypeplatformname":"Workflow"},{"dependencyid":"5681e4fb-2885-ee11-8179-6045bd0cfca3","componenttype":29,"componenttypeplatformname":"Workflow"},{"logicalname":"activitypointer","componenttype":1},{"logicalname":"digphil_sharedazureblob_7926d","componenttype":10078,"componenttypeplatformname":"ConnectionReference"}]}</CdsDependencies>
      <IsCustomizable>1</IsCustomizable>
      <BackgroundImageUri>/CanvasApps/digphil_digpackstranslatorpro_7674a_BackgroundImageUri</BackgroundImageUri>
      <DocumentUri>/CanvasApps/digphil_digpackstranslatorpro_7674a_DocumentUri.msapp</DocumentUri>
    </CanvasApp>
  </CanvasApps>
  <connectionreferences>
    <connectionreference connectionreferencelogicalname="digphil_sharedazureblob_7926d">
      <connectionreferencedisplayname>Azure Blob Storage DigpacksTranslator-7926d</connectionreferencedisplayname>
      <connectorid>/providers/Microsoft.PowerApps/apis/shared_azureblob</connectorid>
      <iscustomizable>1</iscustomizable>
      <statecode>0</statecode>
      <statuscode>1</statuscode>
    </connectionreference>
    <connectionreference connectionreferencelogicalname="digphil_sharedazureblob_b8ca0">
      <connectionreferencedisplayname>Azure Blob Storage DigpacksTranslator-b8ca0</connectionreferencedisplayname>
      <connectorid>/providers/Microsoft.PowerApps/apis/shared_azureblob</connectorid>
      <iscustomizable>1</iscustomizable>
      <statecode>0</statecode>
      <statuscode>1</statuscode>
    </connectionreference>
    <connectionreference connectionreferencelogicalname="digphil_sharedmicrosofttranslatorv_789dc">
      <connectionreferencedisplayname>Microsoft Translator V3 DigpacksTranslator-789dc</connectionreferencedisplayname>
      <connectorid>/providers/Microsoft.PowerApps/apis/shared_microsofttranslatorv</connectorid>
      <iscustomizable>1</iscustomizable>
      <statecode>0</statecode>
      <statuscode>1</statuscode>
    </connectionreference>
    <connectionreference connectionreferencelogicalname="digphil_sharedoffice365_3c761">
      <connectionreferencedisplayname>Office 365 Outlook DigpacksTranslator-3c761</connectionreferencedisplayname>
      <connectorid>/providers/Microsoft.PowerApps/apis/shared_office365</connectorid>
      <iscustomizable>1</iscustomizable>
      <statecode>0</statecode>
      <statuscode>1</statuscode>
    </connectionreference>
  </connectionreferences>
  <Languages>
    <Language>1033</Language>
  </Languages>
</ImportExportXml>