{
  "properties": {
    "connectionReferences": {
      "shared_azureblob": {
        "runtimeSource": "embedded",
        "connection": {
          "connectionReferenceLogicalName": "digphil_sharedazureblob_7926d"
        },
        "api": {
          "name": "shared_azureblob"
        }
      }
    },
    "definition": {
      "$schema": "https://schema.management.azure.com/providers/Microsoft.Logic/schemas/2016-06-01/workflowdefinition.json#",
      "contentVersion": "1.0.0.0",
      "parameters": {
        "$connections": {
          "defaultValue": {},
          "type": "Object"
        },
        "$authentication": {
          "defaultValue": {},
          "type": "SecureObject"
        }
      },
      "triggers": {
        "Recurrence": {
          "recurrence": {
            "frequency": "Day",
            "interval": 1,
            "startTime": "2023-11-17T00:00:00Z"
          },
          "metadata": {
            "operationMetadataId": "144f351f-f347-494e-8d86-62e8419a4331"
          },
          "type": "Recurrence"
        }
      },
      "actions": {
        "Lists_blobs_(V2)": {
          "runAfter": {},
          "metadata": {
            "JTJmZmlsZXMtdG8tdHJhbnNsYXRl": "/files-to-translate",
            "operationMetadataId": "826dfb9b-9dd9-4809-919b-ce1c47be24aa"
          },
          "type": "OpenApiConnection",
          "inputs": {
            "host": {
              "connectionName": "shared_azureblob",
              "operationId": "ListFolder_V4",
              "apiId": "/providers/Microsoft.PowerApps/apis/shared_azureblob"
            },
            "parameters": {
              "dataset": "AccountNameFromSettings",
              "id": "JTJmZmlsZXMtdG8tdHJhbnNsYXRl",
              "nextPageMarker": "",
              "useFlatListing": false
            },
            "authentication": "@parameters('$authentication')"
          }
        },
        "Apply_to_each_2": {
          "foreach": "@outputs('Lists_blobs_(V2)')?['body/value']",
          "actions": {
            "Get_Blob_Metadata_using_path_(V2)": {
              "runAfter": {},
              "metadata": {
                "operationMetadataId": "c96d51f2-ae1a-4ac4-be2d-da0be4d58f87"
              },
              "type": "OpenApiConnection",
              "inputs": {
                "host": {
                  "connectionName": "shared_azureblob",
                  "operationId": "GetFileMetadataByPath_V2",
                  "apiId": "/providers/Microsoft.PowerApps/apis/shared_azureblob"
                },
                "parameters": {
                  "dataset": "AccountNameFromSettings",
                  "path": "@items('Apply_to_each_2')?['Path']"
                },
                "authentication": "@parameters('$authentication')"
              }
            },
            "Delete_blob_(V2)": {
              "runAfter": {
                "Get_Blob_Metadata_using_path_(V2)": [
                  "Succeeded"
                ]
              },
              "metadata": {
                "operationMetadataId": "1556f92e-eb7d-4c0e-bfbe-ad714b93ad27"
              },
              "type": "OpenApiConnection",
              "inputs": {
                "host": {
                  "connectionName": "shared_azureblob",
                  "operationId": "DeleteFile_V2",
                  "apiId": "/providers/Microsoft.PowerApps/apis/shared_azureblob"
                },
                "parameters": {
                  "dataset": "AccountNameFromSettings",
                  "id": "https://translatorsa1611230839.blob.core.windows.net@{outputs('Get_Blob_Metadata_using_path_(V2)')?['body/Path']}"
                },
                "authentication": "@parameters('$authentication')"
              }
            }
          },
          "runAfter": {
            "Lists_blobs_(V2)": [
              "Succeeded"
            ]
          },
          "metadata": {
            "operationMetadataId": "7a6c9337-6875-49af-8e16-daf91cbc4de8"
          },
          "type": "Foreach"
        }
      }
    },
    "templateName": ""
  },
  "schemaVersion": "1.0.0.0"
}