{
  "properties": {
    "connectionReferences": {
      "shared_azureblob": {
        "runtimeSource": "invoker",
        "connection": {
          "connectionReferenceLogicalName": "digphil_sharedazureblob_7926d"
        },
        "api": {
          "name": "shared_azureblob"
        }
      },
      "shared_onedriveforbusiness": {
        "runtimeSource": "invoker",
        "connection": {
          "connectionReferenceLogicalName": "digphil_crf_DPT_OneDriveForBusiness"
        },
        "api": {
          "name": "shared_onedriveforbusiness"
        }
      }
    },
    "definition": {
      "$schema": "https://schema.management.azure.com/providers/Microsoft.Logic/schemas/2016-06-01/workflowdefinition.json#",
      "contentVersion": "1.0.0.0",
      "parameters": {
        "$connections": {
          "defaultValue": {},
          "type": "Object"
        },
        "$authentication": {
          "defaultValue": {},
          "type": "SecureObject"
        }
      },
      "triggers": {
        "manual": {
          "metadata": {
            "operationMetadataId": "a96c72f2-bffe-4e93-9f6d-a17bf70966d3"
          },
          "type": "Request",
          "kind": "PowerAppV2",
          "inputs": {
            "schema": {
              "type": "object",
              "properties": {
                "text": {
                  "title": "Translated Language",
                  "type": "string",
                  "x-ms-dynamically-added": true,
                  "description": "Language",
                  "x-ms-content-hint": "TEXT"
                },
                "text_2": {
                  "title": "FolderGUID",
                  "type": "string",
                  "x-ms-dynamically-added": true,
                  "description": "FolderGUID",
                  "x-ms-content-hint": "TEXT"
                },
                "text_1": {
                  "title": "FileGUID",
                  "type": "string",
                  "x-ms-dynamically-added": true,
                  "description": "FileGUID",
                  "x-ms-content-hint": "TEXT"
                }
              },
              "required": [
                "text",
                "text_2",
                "text_1"
              ]
            }
          }
        }
      },
      "actions": {
        "Lists_blobs_(V2)_-_get_translated_files": {
          "runAfter": {},
          "metadata": {
            "operationMetadataId": "2bcca1d3-0cda-40cb-9432-b451d1778188"
          },
          "type": "OpenApiConnection",
          "inputs": {
            "host": {
              "connectionName": "shared_azureblob",
              "operationId": "ListFolder_V4",
              "apiId": "/providers/Microsoft.PowerApps/apis/shared_azureblob"
            },
            "parameters": {
              "dataset": "AccountNameFromSettings",
              "id": "/translated-files/@{triggerBody()['text']}/",
              "nextPageMarker": "",
              "useFlatListing": false
            },
            "authentication": "@parameters('$authentication')"
          }
        },
        "Respond_to_a_PowerApp_or_flow_-_end": {
          "runAfter": {
            "Apply_to_each": [
              "Succeeded"
            ]
          },
          "metadata": {
            "operationMetadataId": "eaf129d3-8b05-4977-82dc-87a1a6805ec2"
          },
          "type": "Response",
          "kind": "PowerApp",
          "inputs": {
            "statusCode": 200,
            "body": {
              "done": "Yes"
            },
            "schema": {
              "type": "object",
              "properties": {
                "done": {
                  "title": "Done",
                  "x-ms-dynamically-added": true,
                  "type": "boolean"
                }
              }
            }
          }
        },
        "Apply_to_each": {
          "foreach": "@outputs('Lists_blobs_(V2)_-_get_translated_files')?['body/value']",
          "actions": {
            "Condition": {
              "actions": {
                "Get_blob_content_(V2)_-_get_translated_document": {
                  "runAfter": {},
                  "metadata": {
                    "operationMetadataId": "d2acdc98-d043-476d-88a5-a22fe6cd4e04"
                  },
                  "type": "OpenApiConnection",
                  "inputs": {
                    "host": {
                      "connectionName": "shared_azureblob",
                      "operationId": "GetFileContent_V2",
                      "apiId": "/providers/Microsoft.PowerApps/apis/shared_azureblob"
                    },
                    "parameters": {
                      "dataset": "AccountNameFromSettings",
                      "id": "@items('Apply_to_each')?['Id']",
                      "inferContentType": true
                    },
                    "authentication": "@parameters('$authentication')"
                  }
                },
                "Create_file_-_create_translates_document": {
                  "runAfter": {
                    "Get_blob_content_(V2)_-_get_translated_document": [
                      "Succeeded"
                    ]
                  },
                  "metadata": {
                    "operationMetadataId": "fa769ac9-c5e2-4678-9adb-72565aeaf11d"
                  },
                  "type": "OpenApiConnection",
                  "inputs": {
                    "host": {
                      "connectionName": "shared_onedriveforbusiness",
                      "operationId": "CreateFile",
                      "apiId": "/providers/Microsoft.PowerApps/apis/shared_onedriveforbusiness"
                    },
                    "parameters": {
                      "folderPath": "Translated Documents/@{triggerBody()['text']}/@{convertTimeZone(utcNow(), 'UTC', 'GMT Standard Time', 'yyyy/MMMM/dddd, dd')}",
                      "name": "@{convertTimeZone(utcNow(), 'UTC', 'GMT Standard Time', 'dddd_dd_MMMM_yyyy_HH_mm_ss')}__@{items('Apply_to_each')?['DisplayName']}",
                      "body": "@body('Get_blob_content_(V2)_-_get_translated_document')"
                    },
                    "authentication": "@parameters('$authentication')"
                  }
                }
              },
              "runAfter": {},
              "expression": {
                "contains": [
                  "@items('Apply_to_each')?['DisplayName']",
                  "@triggerBody()['text_1']"
                ]
              },
              "metadata": {
                "operationMetadataId": "a9cc6da4-6638-4265-93b4-394273d79333"
              },
              "type": "If"
            }
          },
          "runAfter": {
            "Lists_blobs_(V2)_-_get_translated_files": [
              "Succeeded"
            ]
          },
          "metadata": {
            "operationMetadataId": "85f2c168-7d02-4396-b48e-ded34e18cd4a"
          },
          "type": "Foreach"
        }
      },
      "outputs": {}
    },
    "templateName": ""
  },
  "schemaVersion": "1.0.0.0"
}