{
  "properties": {
    "connectionReferences": {
      "shared_azureblob": {
        "runtimeSource": "invoker",
        "connection": {
          "connectionReferenceLogicalName": "digphil_sharedazureblob_7926d"
        },
        "api": {
          "name": "shared_azureblob"
        }
      }
    },
    "definition": {
      "$schema": "https://schema.management.azure.com/providers/Microsoft.Logic/schemas/2016-06-01/workflowdefinition.json#",
      "contentVersion": "1.0.0.0",
      "parameters": {
        "$connections": {
          "defaultValue": {},
          "type": "Object"
        },
        "$authentication": {
          "defaultValue": {},
          "type": "SecureObject"
        }
      },
      "triggers": {
        "manual": {
          "metadata": {
            "operationMetadataId": "77606f65-3775-4f71-9df4-dd4ade6f5189"
          },
          "type": "Request",
          "kind": "Button",
          "inputs": {
            "schema": {
              "type": "object",
              "properties": {},
              "required": []
            }
          }
        }
      },
      "actions": {
        "Lists_blobs_(V2)": {
          "runAfter": {},
          "metadata": {
            "JTJmdHJhbnNsYXRlZC1maWxlcyUyZmRhJTJm": "/translated-files/da/",
            "operationMetadataId": "36998c17-ef8a-444d-9ca7-4c811066aec3"
          },
          "type": "OpenApiConnection",
          "inputs": {
            "host": {
              "connectionName": "shared_azureblob",
              "operationId": "ListFolder_V4",
              "apiId": "/providers/Microsoft.PowerApps/apis/shared_azureblob"
            },
            "parameters": {
              "dataset": "AccountNameFromSettings",
              "id": "JTJmdHJhbnNsYXRlZC1maWxlcyUyZmRhJTJm",
              "nextPageMarker": "",
              "useFlatListing": false
            },
            "authentication": {
              "type": "Raw",
              "value": "@json(decodeBase64(triggerOutputs().headers['X-MS-APIM-Tokens']))['$ConnectionKey']"
            }
          }
        }
      }
    },
    "templateName": null
  },
  "schemaVersion": "1.0.0.0"
}