{
  "properties": {
    "connectionReferences": {
      "shared_azureblob": {
        "runtimeSource": "invoker",
        "connection": {
          "connectionReferenceLogicalName": "digphil_sharedazureblob_7926d"
        },
        "api": {
          "name": "shared_azureblob"
        }
      },
      "shared_microsofttranslatorv": {
        "runtimeSource": "invoker",
        "connection": {
          "connectionReferenceLogicalName": "digphil_sharedmicrosofttranslatorv_789dc"
        },
        "api": {
          "name": "shared_microsofttranslatorv"
        }
      }
    },
    "definition": {
      "$schema": "https://schema.management.azure.com/providers/Microsoft.Logic/schemas/2016-06-01/workflowdefinition.json#",
      "contentVersion": "1.0.0.0",
      "parameters": {
        "$connections": {
          "defaultValue": {},
          "type": "Object"
        },
        "$authentication": {
          "defaultValue": {},
          "type": "SecureObject"
        }
      },
      "triggers": {
        "manual": {
          "metadata": {
            "operationMetadataId": "b5d40948-cf79-45ef-b226-cee4b121f204"
          },
          "type": "Request",
          "kind": "PowerAppV2",
          "inputs": {
            "schema": {
              "type": "object",
              "properties": {
                "text": {
                  "title": "Language",
                  "type": "string",
                  "x-ms-dynamically-added": true,
                  "description": "Lang",
                  "x-ms-content-hint": "TEXT"
                },
                "text_3": {
                  "title": "Folderguid",
                  "type": "string",
                  "x-ms-dynamically-added": true,
                  "description": "FolderGuid",
                  "x-ms-content-hint": "TEXT"
                },
                "text_1": {
                  "title": "FileGuid",
                  "type": "string",
                  "x-ms-dynamically-added": true,
                  "description": "FileGuid",
                  "x-ms-content-hint": "TEXT"
                }
              },
              "required": [
                "text",
                "text_3",
                "text_1"
              ]
            }
          }
        }
      },
      "actions": {
        "Respond_to_a_PowerApp_or_flow": {
          "runAfter": {
            "Compose": [
              "Succeeded"
            ]
          },
          "metadata": {
            "operationMetadataId": "6fffc3fe-da73-40a4-8013-1caac482afaf"
          },
          "type": "Response",
          "kind": "PowerApp",
          "inputs": {
            "statusCode": 200,
            "body": {
              "translateddocument": "@variables('ListOfPaths')"
            },
            "schema": {
              "type": "object",
              "properties": {
                "translateddocument": {
                  "title": "TranslatedDocument",
                  "x-ms-dynamically-added": true,
                  "type": "string"
                }
              }
            }
          }
        },
        "Lists_blobs_(V2)": {
          "runAfter": {
            "Apply_to_each_3": [
              "Succeeded"
            ]
          },
          "metadata": {
            "JTJmZmlsZXMtdG8tdHJhbnNsYXRl": "/files-to-translate",
            "operationMetadataId": "6ac39300-8272-4913-a110-a6c29a8fb9b6"
          },
          "type": "OpenApiConnection",
          "inputs": {
            "host": {
              "apiId": "/providers/Microsoft.PowerApps/apis/shared_azureblob",
              "connectionName": "shared_azureblob",
              "operationId": "ListFolder_V4"
            },
            "parameters": {
              "dataset": "AccountNameFromSettings",
              "id": "/files-to-translate/@{triggerBody()['text_3']}",
              "nextPageMarker": "",
              "useFlatListing": false
            },
            "authentication": {
              "value": "@json(decodeBase64(triggerOutputs().headers['X-MS-APIM-Tokens']))['$ConnectionKey']",
              "type": "Raw"
            }
          }
        },
        "Lists_blobs_(V2)_2": {
          "runAfter": {
            "List_of_Paths_initialise_string_var": [
              "Succeeded"
            ]
          },
          "metadata": {
            "JTJmZmlsZXMtdG8tdHJhbnNsYXRl": "/files-to-translate",
            "operationMetadataId": "6ac39300-8272-4913-a110-a6c29a8fb9b6"
          },
          "type": "OpenApiConnection",
          "inputs": {
            "host": {
              "apiId": "/providers/Microsoft.PowerApps/apis/shared_azureblob",
              "connectionName": "shared_azureblob",
              "operationId": "ListFolder_V4"
            },
            "parameters": {
              "dataset": "AccountNameFromSettings",
              "id": "/files-to-translate/@{triggerBody()['text_3']}",
              "nextPageMarker": "",
              "useFlatListing": false
            },
            "authentication": {
              "value": "@json(decodeBase64(triggerOutputs().headers['X-MS-APIM-Tokens']))['$ConnectionKey']",
              "type": "Raw"
            }
          }
        },
        "Apply_to_each_3": {
          "foreach": "@outputs('Lists_blobs_(V2)_2')?['body/value']",
          "actions": {
            "Start_document_translation": {
              "runAfter": {},
              "metadata": {
                "operationMetadataId": "2441df27-158e-4643-a7bc-e53e0042a89b"
              },
              "type": "OpenApiConnection",
              "inputs": {
                "host": {
                  "apiId": "/providers/Microsoft.PowerApps/apis/shared_microsofttranslatorv",
                  "connectionName": "shared_microsofttranslatorv",
                  "operationId": "StartDocumentTranslation"
                },
                "parameters": {
                  "Input/storageType": "File",
                  "Input/sourceLanguage": "Auto-detect",
                  "Input/sourceURL": "https://translatorsa1611230839.blob.core.windows.net@{items('Apply_to_each_3')?['Path']}",
                  "Input/targetContainerURL": "https://translatorsa1611230839.blob.core.windows.net/translated-files/",
                  "Input/targetLanguage": "@triggerBody()['text']"
                },
                "authentication": {
                  "value": "@json(decodeBase64(triggerOutputs().headers['X-MS-APIM-Tokens']))['$ConnectionKey']",
                  "type": "Raw"
                }
              }
            },
            "Get_documents_status": {
              "runAfter": {
                "Start_document_translation": [
                  "Succeeded"
                ]
              },
              "metadata": {
                "operationMetadataId": "2824a5ef-f095-414f-b2ad-1e558eeea704"
              },
              "type": "OpenApiConnection",
              "inputs": {
                "host": {
                  "apiId": "/providers/Microsoft.PowerApps/apis/shared_microsofttranslatorv",
                  "connectionName": "shared_microsofttranslatorv",
                  "operationId": "GetDocumentsStatus"
                },
                "parameters": {
                  "id": "@body('Start_document_translation').operationID"
                },
                "authentication": {
                  "value": "@json(decodeBase64(triggerOutputs().headers['X-MS-APIM-Tokens']))['$ConnectionKey']",
                  "type": "Raw"
                }
              }
            }
          },
          "runAfter": {
            "Lists_blobs_(V2)_2": [
              "Succeeded"
            ]
          },
          "metadata": {
            "operationMetadataId": "213c5318-d41d-49ec-8e51-8d6311209d62"
          },
          "type": "Foreach"
        },
        "Apply_to_each": {
          "foreach": "@outputs('Lists_blobs_(V2)')?['body/value']",
          "actions": {
            "Copy_blob_(V2)": {
              "runAfter": {},
              "metadata": {
                "operationMetadataId": "e66e0824-c749-4eba-adfb-f2ce7f4a2bf6"
              },
              "type": "OpenApiConnection",
              "inputs": {
                "host": {
                  "apiId": "/providers/Microsoft.PowerApps/apis/shared_azureblob",
                  "connectionName": "shared_azureblob",
                  "operationId": "CopyFile_V2"
                },
                "parameters": {
                  "dataset": "AccountNameFromSettings",
                  "source": "https://translatorsa1611230839.blob.core.windows.net@{items('Apply_to_each')?['Path']}",
                  "destination": "/source-history/@{items('Apply_to_each')?['Name']}",
                  "overwrite": true
                },
                "authentication": {
                  "value": "@json(decodeBase64(triggerOutputs().headers['X-MS-APIM-Tokens']))['$ConnectionKey']",
                  "type": "Raw"
                }
              }
            }
          },
          "runAfter": {
            "Lists_blobs_(V2)": [
              "Succeeded"
            ]
          },
          "metadata": {
            "operationMetadataId": "49a75992-2264-4881-a07a-227b9a8f89ff"
          },
          "type": "Foreach"
        },
        "Lists_blobs_(V2)_3": {
          "runAfter": {
            "Delay": [
              "Succeeded"
            ]
          },
          "metadata": {
            "operationMetadataId": "0099afaf-3d93-4531-8c76-a3e8d5340120"
          },
          "type": "OpenApiConnection",
          "inputs": {
            "host": {
              "apiId": "/providers/Microsoft.PowerApps/apis/shared_azureblob",
              "connectionName": "shared_azureblob",
              "operationId": "ListFolder_V4"
            },
            "parameters": {
              "dataset": "AccountNameFromSettings",
              "id": "/translated-files/@{triggerBody()['text']}/",
              "nextPageMarker": "",
              "useFlatListing": false
            },
            "authentication": {
              "value": "@json(decodeBase64(triggerOutputs().headers['X-MS-APIM-Tokens']))['$ConnectionKey']",
              "type": "Raw"
            }
          }
        },
        "Parse_JSON_2": {
          "runAfter": {
            "Lists_blobs_(V2)_3": [
              "Succeeded"
            ]
          },
          "metadata": {
            "operationMetadataId": "b10d0261-d81c-47af-8ea4-5f6d4226dea4"
          },
          "type": "ParseJson",
          "inputs": {
            "content": "@body('Lists_blobs_(V2)_3')",
            "schema": {
              "type": "object",
              "properties": {
                "value": {
                  "type": "array",
                  "items": {
                    "type": "object",
                    "properties": {
                      "Id": {
                        "type": "string"
                      },
                      "Name": {
                        "type": "string"
                      },
                      "DisplayName": {
                        "type": "string"
                      },
                      "Path": {
                        "type": "string"
                      },
                      "LastModified": {
                        "type": "string"
                      },
                      "Size": {
                        "type": "integer"
                      },
                      "MediaType": {
                        "type": "string"
                      },
                      "IsFolder": {
                        "type": "boolean"
                      },
                      "ETag": {
                        "type": "string"
                      },
                      "FileLocator": {
                        "type": "string"
                      }
                    },
                    "required": [
                      "Id",
                      "Name",
                      "DisplayName",
                      "Path",
                      "LastModified",
                      "Size",
                      "MediaType",
                      "IsFolder",
                      "ETag",
                      "FileLocator"
                    ]
                  }
                }
              }
            }
          }
        },
        "List_of_Paths_initialise_string_var": {
          "runAfter": {},
          "metadata": {
            "operationMetadataId": "ba5a50a4-1e40-4243-a939-d55130017168"
          },
          "type": "InitializeVariable",
          "inputs": {
            "variables": [
              {
                "name": "ListOfPaths",
                "type": "string"
              }
            ]
          }
        },
        "Apply_to_each_5": {
          "foreach": "@body('Parse_JSON_2')?['value']",
          "actions": {
            "Condition": {
              "actions": {
                "Append_to_string_variable": {
                  "runAfter": {},
                  "metadata": {
                    "operationMetadataId": "aa0f9565-d27a-4266-bbd6-14ae94f1e478"
                  },
                  "type": "AppendToStringVariable",
                  "inputs": {
                    "name": "ListOfPaths",
                    "value": "@concat('https://translatorsa1611230839.blob.core.windows.net', items('Apply_to_each_5')?['Path'], ',')\r\n"
                  }
                }
              },
              "runAfter": {},
              "expression": {
                "contains": [
                  "@items('Apply_to_each_5')['Name']",
                  "@triggerBody()['text_1']"
                ]
              },
              "metadata": {
                "operationMetadataId": "f0aa6049-5470-4308-b342-0f87b60f896e"
              },
              "type": "If"
            }
          },
          "runAfter": {
            "Parse_JSON_2": [
              "Succeeded"
            ]
          },
          "metadata": {
            "operationMetadataId": "2045899d-7e98-48d3-a628-5b2677d1af80"
          },
          "type": "Foreach"
        },
        "Compose": {
          "runAfter": {
            "Apply_to_each_5": [
              "Succeeded"
            ]
          },
          "metadata": {
            "operationMetadataId": "1fddee81-600e-4826-bee0-35d3be73d2a1"
          },
          "type": "Compose",
          "inputs": "@if(endsWith(variables('ListOfPaths'), ','), \r\n   substring(variables('ListOfPaths'), 0, sub(length(variables('ListOfPaths')), 1)), \r\n   variables('ListOfPaths'))\r\n"
        },
        "Delay": {
          "runAfter": {
            "Apply_to_each": [
              "Succeeded"
            ]
          },
          "metadata": {
            "operationMetadataId": "cf9fccc6-db85-4aa7-9c38-42ac7a9d944e"
          },
          "type": "Wait",
          "inputs": {
            "interval": {
              "count": 30,
              "unit": "Second"
            }
          }
        }
      }
    },
    "templateName": null
  },
  "schemaVersion": "1.0.0.0"
}