{
  "properties": {
    "connectionReferences": {
      "shared_microsofttranslatorv": {
        "runtimeSource": "invoker",
        "connection": {
          "connectionReferenceLogicalName": "digphil_sharedmicrosofttranslatorv_789dc"
        },
        "api": {
          "name": "shared_microsofttranslatorv"
        }
      }
    },
    "definition": {
      "$schema": "https://schema.management.azure.com/providers/Microsoft.Logic/schemas/2016-06-01/workflowdefinition.json#",
      "contentVersion": "1.0.0.0",
      "parameters": {
        "$connections": {
          "defaultValue": {},
          "type": "Object"
        },
        "$authentication": {
          "defaultValue": {},
          "type": "SecureObject"
        }
      },
      "triggers": {
        "manual": {
          "metadata": {
            "operationMetadataId": "b5d40948-cf79-45ef-b226-cee4b121f204"
          },
          "type": "Request",
          "kind": "PowerAppV2",
          "inputs": {
            "schema": {
              "type": "object",
              "properties": {
                "text": {
                  "title": "Language",
                  "type": "string",
                  "x-ms-dynamically-added": true,
                  "description": "Please enter your input",
                  "x-ms-content-hint": "TEXT"
                },
                "text_1": {
                  "title": "URL",
                  "type": "string",
                  "x-ms-dynamically-added": true,
                  "description": "Please enter your input",
                  "x-ms-content-hint": "TEXT"
                },
                "text_2": {
                  "title": "fileNameandExt",
                  "type": "string",
                  "x-ms-dynamically-added": true,
                  "description": "Please enter your input",
                  "x-ms-content-hint": "TEXT"
                }
              },
              "required": [
                "text",
                "text_1",
                "text_2"
              ]
            }
          }
        }
      },
      "actions": {
        "Start_document_translation": {
          "runAfter": {},
          "metadata": {
            "operationMetadataId": "2441df27-158e-4643-a7bc-e53e0042a89b"
          },
          "type": "OpenApiConnection",
          "inputs": {
            "host": {
              "connectionName": "shared_microsofttranslatorv",
              "operationId": "StartDocumentTranslation",
              "apiId": "/providers/Microsoft.PowerApps/apis/shared_microsofttranslatorv"
            },
            "parameters": {
              "Input/storageType": "File",
              "Input/sourceLanguage": "Auto-detect",
              "Input/sourceURL": "@triggerBody()['text_1']",
              "Input/targetContainerURL": "https://translatorsa1611230839.blob.core.windows.net/translated-files",
              "Input/targetLanguage": "@triggerBody()['text']"
            },
            "authentication": "@parameters('$authentication')"
          }
        },
        "Get_documents_status": {
          "runAfter": {
            "Start_document_translation": [
              "Succeeded"
            ]
          },
          "metadata": {
            "operationMetadataId": "2824a5ef-f095-414f-b2ad-1e558eeea704"
          },
          "type": "OpenApiConnection",
          "inputs": {
            "host": {
              "connectionName": "shared_microsofttranslatorv",
              "operationId": "GetDocumentsStatus",
              "apiId": "/providers/Microsoft.PowerApps/apis/shared_microsofttranslatorv"
            },
            "parameters": {
              "id": "@body('Start_document_translation').operationID"
            },
            "authentication": "@parameters('$authentication')"
          }
        },
        "Respond_to_a_PowerApp_or_flow": {
          "runAfter": {
            "Get_documents_status": [
              "Succeeded"
            ]
          },
          "metadata": {
            "operationMetadataId": "6fffc3fe-da73-40a4-8013-1caac482afaf"
          },
          "type": "Response",
          "kind": "PowerApp",
          "inputs": {
            "statusCode": 200,
            "body": {
              "translateddocument": "https://translatorsa1611230839.blob.core.windows.net/translated-files/@{triggerBody()['text']}/@{triggerBody()['text_2']}"
            },
            "schema": {
              "type": "object",
              "properties": {
                "translateddocument": {
                  "title": "TranslatedDocument",
                  "x-ms-dynamically-added": true,
                  "type": "string"
                }
              }
            }
          }
        }
      }
    },
    "templateName": ""
  },
  "schemaVersion": "1.0.0.0"
}