{
  "properties": {
    "connectionReferences": {
      "shared_azureblob": {
        "runtimeSource": "embedded",
        "connection": {
          "connectionReferenceLogicalName": "digphil_sharedazureblob_7926d"
        },
        "api": {
          "name": "shared_azureblob"
        }
      },
      "shared_cognitiveservicesspe_1": {
        "runtimeSource": "embedded",
        "connection": {
          "connectionReferenceLogicalName": "digphil_sharedcognitiveservicesspe_92ac4"
        },
        "api": {
          "name": "shared_cognitiveservicesspe"
        }
      },
      "shared_commondataserviceforapps": {
        "runtimeSource": "embedded",
        "connection": {
          "connectionReferenceLogicalName": "new_sharedcommondataserviceforapps_c4001"
        },
        "api": {
          "name": "shared_commondataserviceforapps"
        }
      }
    },
    "definition": {
      "$schema": "https://schema.management.azure.com/providers/Microsoft.Logic/schemas/2016-06-01/workflowdefinition.json#",
      "contentVersion": "1.0.0.0",
      "parameters": {
        "$connections": {
          "defaultValue": {},
          "type": "Object"
        },
        "$authentication": {
          "defaultValue": {},
          "type": "SecureObject"
        }
      },
      "triggers": {
        "manual": {
          "metadata": {
            "operationMetadataId": "fe5d4dca-65e8-4389-a996-414359da5f01"
          },
          "type": "Request",
          "kind": "PowerAppV2",
          "inputs": {
            "schema": {
              "type": "object",
              "properties": {
                "text": {
                  "title": "Name",
                  "type": "string",
                  "x-ms-dynamically-added": true,
                  "description": "test",
                  "x-ms-content-hint": "TEXT"
                },
                "text_1": {
                  "title": "Path",
                  "type": "string",
                  "x-ms-dynamically-added": true,
                  "description": "test",
                  "x-ms-content-hint": "TEXT"
                },
                "text_2": {
                  "title": "DVGUID",
                  "type": "string",
                  "x-ms-dynamically-added": true,
                  "description": "Please enter your input",
                  "x-ms-content-hint": "TEXT"
                }
              },
              "required": [
                "text",
                "text_1",
                "text_2"
              ]
            }
          }
        }
      },
      "actions": {
        "Check_audio_format_and_transcribe_into_text": {
          "actions": {
            "Create_SAS_URI_by_path_(V2)": {
              "runAfter": {},
              "metadata": {
                "operationMetadataId": "52cc218c-6252-4afa-96e6-a6a467616229"
              },
              "type": "OpenApiConnection",
              "inputs": {
                "host": {
                  "connectionName": "shared_azureblob",
                  "operationId": "CreateShareLinkByPath_V2",
                  "apiId": "/providers/Microsoft.PowerApps/apis/shared_azureblob"
                },
                "parameters": {
                  "storageAccountName": "AccountNameFromSettings",
                  "path": "@triggerBody()['text_1']",
                  "policy/Permissions": "Read"
                },
                "authentication": "@parameters('$authentication')"
              }
            },
            "Create_transcription": {
              "runAfter": {
                "Create_SAS_URI_by_path_(V2)": [
                  "Succeeded"
                ]
              },
              "metadata": {
                "operationMetadataId": "84bc1243-8d93-4161-9549-c1ff64a67e5a"
              },
              "type": "OpenApiConnection",
              "inputs": {
                "host": {
                  "connectionName": "shared_cognitiveservicesspe_1",
                  "operationId": "CreateTranscriptions",
                  "apiId": "/providers/Microsoft.PowerApps/apis/shared_cognitiveservicesspe"
                },
                "parameters": {
                  "transcription/locale": "@variables('locale')",
                  "transcription/displayName": "@triggerBody()['text']",
                  "transcription/contentUrls": [
                    "@outputs('Create_SAS_URI_by_path_(V2)')?['body/WebUrl']"
                  ],
                  "transcription/properties/diarizationEnabled": false,
                  "transcription/properties/wordLevelTimestampsEnabled": true,
                  "transcription/properties/timeToLive": "PT1H"
                },
                "authentication": "@parameters('$authentication')"
              }
            },
            "Check_job_status_(Notification)": {
              "actions": {
                "Delay": {
                  "runAfter": {},
                  "metadata": {
                    "operationMetadataId": "60fa452d-9be3-42ae-82ba-96d80c89e81d"
                  },
                  "type": "Wait",
                  "inputs": {
                    "interval": {
                      "count": 60,
                      "unit": "Second"
                    }
                  }
                },
                "Get_transcriptions": {
                  "runAfter": {
                    "Delay": [
                      "Succeeded"
                    ]
                  },
                  "metadata": {
                    "operationMetadataId": "3437ee94-ded2-4979-8834-f4dc5eabd158"
                  },
                  "type": "OpenApiConnection",
                  "inputs": {
                    "host": {
                      "connectionName": "shared_cognitiveservicesspe_1",
                      "operationId": "GetTranscriptions",
                      "apiId": "/providers/Microsoft.PowerApps/apis/shared_cognitiveservicesspe"
                    },
                    "parameters": {
                      "id": "@substring(outputs('Create_transcription')?['body/self'], add(lastIndexOf(outputs('Create_transcription')?['body/self'], '/'), 1))"
                    },
                    "authentication": "@parameters('$authentication')"
                  }
                }
              },
              "runAfter": {
                "Create_transcription": [
                  "Succeeded"
                ]
              },
              "expression": "@or(equals(outputs('Get_transcriptions')?['body/status'], 'Succeeded'), equals(outputs('Get_transcriptions')?['body/status'], 'Failed'))",
              "limit": {
                "count": 60,
                "timeout": "PT1H"
              },
              "metadata": {
                "operationMetadataId": "e3ffad43-da76-4b21-b916-48158cda78cb"
              },
              "type": "Until"
            },
            "Get_transcriptions_list_files": {
              "runAfter": {
                "Check_job_status_(Notification)": [
                  "Succeeded"
                ]
              },
              "metadata": {
                "operationMetadataId": "d8f371b2-4051-427e-a3fc-4385ee2a1e0b"
              },
              "type": "OpenApiConnection",
              "inputs": {
                "host": {
                  "connectionName": "shared_cognitiveservicesspe_1",
                  "operationId": "TranscriptionsListFiles",
                  "apiId": "/providers/Microsoft.PowerApps/apis/shared_cognitiveservicesspe"
                },
                "parameters": {
                  "id": "@substring(outputs('Create_transcription')?['body/self'], add(lastIndexOf(outputs('Create_transcription')?['body/self'], '/'), 1))"
                },
                "authentication": "@parameters('$authentication')"
              }
            },
            "Apply_to_each_transcription_file": {
              "foreach": "@outputs('Get_transcriptions_list_files')?['body/values']",
              "actions": {
                "Switch": {
                  "runAfter": {},
                  "cases": {
                    "Case": {
                      "case": "TranscriptionReport",
                      "actions": {
                        "Get_transcription_report_content": {
                          "runAfter": {},
                          "metadata": {
                            "operationMetadataId": "21985e58-1bec-42ec-84aa-f9dc30c6d22a"
                          },
                          "type": "Http",
                          "inputs": {
                            "method": "GET",
                            "uri": "@items('Apply_to_each_transcription_file')?['links/contentUrl']"
                          }
                        },
                        "Create_block_blob_(V2)_-_save_report": {
                          "runAfter": {
                            "Get_transcription_report_content": [
                              "Succeeded"
                            ]
                          },
                          "metadata": {
                            "operationMetadataId": "74a3c0fc-43b9-4ec3-92cf-c7a494da7770"
                          },
                          "type": "OpenApiConnection",
                          "inputs": {
                            "host": {
                              "connectionName": "shared_azureblob",
                              "operationId": "CreateBlockBlob_V2",
                              "apiId": "/providers/Microsoft.PowerApps/apis/shared_azureblob"
                            },
                            "parameters": {
                              "storageAccountName": "AccountNameFromSettings",
                              "folderPath": "@ concat(variables('containerName'),'/log')",
                              "name": "@concat(triggerOutputs()?['body/Name'], '.txt')",
                              "body": "@body('Get_transcription_report_content')"
                            },
                            "authentication": "@parameters('$authentication')"
                          },
                          "runtimeConfiguration": {
                            "contentTransfer": {
                              "transferMode": "Chunked"
                            }
                          }
                        }
                      }
                    },
                    "Case_2": {
                      "case": "Transcription",
                      "actions": {
                        "If_status_equals_succeed": {
                          "actions": {
                            "Get_transcription_result_content": {
                              "runAfter": {},
                              "metadata": {
                                "operationMetadataId": "267c7800-278c-456e-a682-41f6d2984087"
                              },
                              "type": "Http",
                              "inputs": {
                                "method": "GET",
                                "uri": "@items('Apply_to_each_transcription_file')?['links/contentUrl']"
                              }
                            },
                            "Create_block_blob_(V2)_-_save_result": {
                              "runAfter": {
                                "Get_transcription_result_content": [
                                  "Succeeded"
                                ]
                              },
                              "metadata": {
                                "operationMetadataId": "193b4700-2558-4356-bb9b-96b45e23aff1"
                              },
                              "type": "OpenApiConnection",
                              "inputs": {
                                "host": {
                                  "connectionName": "shared_azureblob",
                                  "operationId": "CreateBlockBlob_V2",
                                  "apiId": "/providers/Microsoft.PowerApps/apis/shared_azureblob"
                                },
                                "parameters": {
                                  "storageAccountName": "AccountNameFromSettings",
                                  "folderPath": "@ concat(variables('containerName'),'/trans')",
                                  "name": "@concat(triggerOutputs()?['body/Name'], '.json')",
                                  "body": "@body('Get_transcription_result_content')"
                                },
                                "authentication": "@parameters('$authentication')"
                              },
                              "runtimeConfiguration": {
                                "contentTransfer": {
                                  "transferMode": "Chunked"
                                }
                              }
                            },
                            "Parse_JSON_-_result": {
                              "runAfter": {
                                "Create_block_blob_(V2)_-_save_result": [
                                  "Succeeded"
                                ]
                              },
                              "metadata": {
                                "operationMetadataId": "7cb986fe-6bcc-4425-b466-9c31eb9279f5"
                              },
                              "type": "ParseJson",
                              "inputs": {
                                "content": "@body('Get_transcription_result_content')",
                                "schema": {
                                  "type": "object",
                                  "properties": {
                                    "source": {
                                      "type": "string"
                                    },
                                    "timestamp": {
                                      "type": "string"
                                    },
                                    "durationInTicks": {
                                      "type": "integer"
                                    },
                                    "duration": {
                                      "type": "string"
                                    },
                                    "combinedRecognizedPhrases": {
                                      "type": "array",
                                      "items": {
                                        "type": "object",
                                        "properties": {
                                          "channel": {
                                            "type": "integer"
                                          },
                                          "lexical": {
                                            "type": "string"
                                          },
                                          "itn": {
                                            "type": "string"
                                          },
                                          "maskedITN": {
                                            "type": "string"
                                          },
                                          "display": {
                                            "type": "string"
                                          }
                                        },
                                        "required": [
                                          "channel",
                                          "lexical",
                                          "itn",
                                          "display"
                                        ]
                                      }
                                    },
                                    "recognizedPhrases": {
                                      "type": "array",
                                      "items": {
                                        "type": "object",
                                        "properties": {
                                          "recognitionStatus": {
                                            "type": "string"
                                          },
                                          "channel": {
                                            "type": "integer"
                                          },
                                          "speaker": {
                                            "type": "integer"
                                          },
                                          "offset": {
                                            "type": "string"
                                          },
                                          "duration": {
                                            "type": "string"
                                          },
                                          "offsetInTicks": {
                                            "type": "integer"
                                          },
                                          "durationInTicks": {
                                            "type": "integer"
                                          },
                                          "nBest": {
                                            "type": "array",
                                            "items": {
                                              "type": "object",
                                              "properties": {
                                                "confidence": {
                                                  "type": "number"
                                                },
                                                "lexical": {
                                                  "type": "string"
                                                },
                                                "itn": {
                                                  "type": "string"
                                                },
                                                "maskedITN": {
                                                  "type": "string"
                                                },
                                                "display": {
                                                  "type": "string"
                                                },
                                                "words": {
                                                  "type": "array",
                                                  "items": {
                                                    "type": "object",
                                                    "properties": {
                                                      "word": {
                                                        "type": "string"
                                                      },
                                                      "offset": {
                                                        "type": "string"
                                                      },
                                                      "duration": {
                                                        "type": "string"
                                                      },
                                                      "offsetInTicks": {
                                                        "type": "integer"
                                                      },
                                                      "durationInTicks": {
                                                        "type": "integer"
                                                      },
                                                      "confidence": {
                                                        "type": "number"
                                                      }
                                                    },
                                                    "required": []
                                                  }
                                                }
                                              },
                                              "required": [
                                                "confidence",
                                                "lexical",
                                                "itn",
                                                "display"
                                              ]
                                            }
                                          }
                                        },
                                        "required": [
                                          "channel",
                                          "offset",
                                          "duration",
                                          "offsetInTicks",
                                          "durationInTicks",
                                          "nBest"
                                        ]
                                      }
                                    }
                                  }
                                }
                              }
                            },
                            "Apply_to_each_recognition_phrase": {
                              "foreach": "@body('Parse_JSON_-_result')?['combinedRecognizedPhrases']",
                              "actions": {
                                "Create_block_blob_(V2)_-_phrase_content": {
                                  "runAfter": {},
                                  "metadata": {
                                    "operationMetadataId": "971ac1ef-7708-4b8f-824c-83586f626b0a"
                                  },
                                  "type": "OpenApiConnection",
                                  "inputs": {
                                    "host": {
                                      "connectionName": "shared_azureblob",
                                      "operationId": "CreateBlockBlob_V2",
                                      "apiId": "/providers/Microsoft.PowerApps/apis/shared_azureblob"
                                    },
                                    "parameters": {
                                      "storageAccountName": "AccountNameFromSettings",
                                      "folderPath": "@ concat(variables('containerName'),'/trans')",
                                      "name": "@concat(concat(triggerOutputs()?['body/Name']), '.txt')",
                                      "body": "@items('Apply_to_each_recognition_phrase')?['display']"
                                    },
                                    "authentication": "@parameters('$authentication')"
                                  },
                                  "runtimeConfiguration": {
                                    "contentTransfer": {
                                      "transferMode": "Chunked"
                                    }
                                  }
                                }
                              },
                              "runAfter": {
                                "Apply_to_each": [
                                  "Succeeded"
                                ]
                              },
                              "metadata": {
                                "operationMetadataId": "d97e42a7-4aa8-417e-b3af-123a370a4457"
                              },
                              "type": "Foreach"
                            },
                            "Apply_to_each": {
                              "foreach": "@body('Parse_JSON_-_result')?['combinedRecognizedPhrases']",
                              "actions": {
                                "Set_variable": {
                                  "runAfter": {},
                                  "metadata": {
                                    "operationMetadataId": "a414dc9a-50aa-41f5-a93a-4d6e2ecdc511"
                                  },
                                  "type": "SetVariable",
                                  "inputs": {
                                    "name": "TranscribedText",
                                    "value": "@items('Apply_to_each')?['lexical']"
                                  }
                                }
                              },
                              "runAfter": {
                                "Parse_JSON_-_result": [
                                  "Succeeded"
                                ]
                              },
                              "metadata": {
                                "operationMetadataId": "cfbc19ab-3f7a-48f0-8b0a-827e5631c3a1"
                              },
                              "type": "Foreach"
                            }
                          },
                          "runAfter": {},
                          "expression": {
                            "equals": [
                              "@outputs('Get_transcriptions')?['body/status']",
                              "Succeeded"
                            ]
                          },
                          "metadata": {
                            "operationMetadataId": "5b480933-7ec0-44d0-9e8c-368a6d4e441d"
                          },
                          "type": "If"
                        }
                      }
                    }
                  },
                  "default": {
                    "actions": {}
                  },
                  "expression": "@items('Apply_to_each_transcription_file')?['kind']",
                  "metadata": {
                    "operationMetadataId": "39114e44-3f56-4306-8f26-572935febdcd"
                  },
                  "type": "Switch"
                }
              },
              "runAfter": {
                "Get_transcriptions_list_files": [
                  "Succeeded"
                ]
              },
              "metadata": {
                "operationMetadataId": "77435483-d1ce-40ac-bfcb-f6c9f6b69bdd"
              },
              "type": "Foreach"
            },
            "Delete_transcription": {
              "runAfter": {
                "Apply_to_each_transcription_file": [
                  "Succeeded"
                ]
              },
              "metadata": {
                "operationMetadataId": "264f9dde-0f4f-4ee6-be27-6b6e8c0d3d23"
              },
              "type": "OpenApiConnection",
              "inputs": {
                "host": {
                  "connectionName": "shared_cognitiveservicesspe_1",
                  "operationId": "DeleteTranscriptions",
                  "apiId": "/providers/Microsoft.PowerApps/apis/shared_cognitiveservicesspe"
                },
                "parameters": {
                  "id": "@substring(outputs('Create_transcription')?['body/self'], add(lastIndexOf(outputs('Create_transcription')?['body/self'], '/'), 1))"
                },
                "authentication": "@parameters('$authentication')"
              }
            }
          },
          "runAfter": {
            "Initialize_variable": [
              "Succeeded"
            ]
          },
          "else": {
            "actions": {
              "Terminate": {
                "runAfter": {},
                "metadata": {
                  "operationMetadataId": "0ee72b48-4e65-4fe7-aa1a-15913b9e103f"
                },
                "type": "Terminate",
                "inputs": {
                  "runStatus": "Succeeded"
                }
              }
            }
          },
          "expression": {
            "or": [
              {
                "endsWith": [
                  "@triggerBody()['text']",
                  ".wav"
                ]
              },
              {
                "endsWith": [
                  "@triggerBody()['text']",
                  ".mp3"
                ]
              },
              {
                "endsWith": [
                  "@triggerBody()['text']",
                  ".ogg"
                ]
              }
            ]
          },
          "metadata": {
            "operationMetadataId": "89b4d047-d26d-4048-991c-dccbaea46505"
          },
          "type": "If"
        },
        "ContainerName": {
          "runAfter": {
            "Input_locale": [
              "Succeeded"
            ]
          },
          "metadata": {
            "operationMetadataId": "346fcdcb-9da5-418b-98ea-cdd7fce243f9"
          },
          "type": "InitializeVariable",
          "inputs": {
            "variables": [
              {
                "name": "containerName",
                "type": "string",
                "value": "@{split(triggerBody()['text_1'], '/')[1]}"
              }
            ]
          }
        },
        "Input_locale": {
          "runAfter": {},
          "metadata": {
            "operationMetadataId": "459a5c38-925b-489f-8652-6725ed1648f0"
          },
          "type": "InitializeVariable",
          "inputs": {
            "variables": [
              {
                "name": "locale",
                "type": "string",
                "value": "en-us"
              }
            ]
          }
        },
        "Initialize_variable": {
          "runAfter": {
            "ContainerName": [
              "Succeeded"
            ]
          },
          "metadata": {
            "operationMetadataId": "c09b0482-6ab2-448b-98e9-a379f80f712f"
          },
          "type": "InitializeVariable",
          "inputs": {
            "variables": [
              {
                "name": "TranscribedText",
                "type": "string"
              }
            ]
          }
        },
        "Update_a_row": {
          "runAfter": {
            "Check_audio_format_and_transcribe_into_text": [
              "Succeeded"
            ]
          },
          "metadata": {
            "operationMetadataId": "8e97565d-b6fb-4d83-abbc-cb01ea55ce12"
          },
          "type": "OpenApiConnection",
          "inputs": {
            "host": {
              "connectionName": "shared_commondataserviceforapps",
              "operationId": "UpdateRecord",
              "apiId": "/providers/Microsoft.PowerApps/apis/shared_commondataserviceforapps"
            },
            "parameters": {
              "entityName": "digphil_audiotranslationses",
              "recordId": "@triggerBody()['text_2']",
              "item/digphil_transcribedaudio": "@variables('TranscribedText')"
            },
            "authentication": "@parameters('$authentication')"
          }
        }
      }
    },
    "templateName": "fddffa816cd54818b3ea1ffdc1be744e"
  },
  "schemaVersion": "1.0.0.0"
}