{
  "properties": {
    "connectionReferences": {
      "shared_microsofttranslatorv": {
        "runtimeSource": "invoker",
        "connection": {
          "connectionReferenceLogicalName": "digphil_sharedmicrosofttranslatorv_789dc"
        },
        "api": {
          "name": "shared_microsofttranslatorv"
        }
      }
    },
    "definition": {
      "$schema": "https://schema.management.azure.com/providers/Microsoft.Logic/schemas/2016-06-01/workflowdefinition.json#",
      "contentVersion": "1.0.0.0",
      "parameters": {
        "$connections": {
          "defaultValue": {},
          "type": "Object"
        },
        "$authentication": {
          "defaultValue": {},
          "type": "SecureObject"
        }
      },
      "triggers": {
        "manual": {
          "metadata": {
            "operationMetadataId": "2420b4e1-555b-453d-9f6c-b4b78427d7b0"
          },
          "type": "Request",
          "kind": "PowerAppV2",
          "inputs": {
            "schema": {
              "type": "object",
              "properties": {
                "text": {
                  "title": "Text",
                  "type": "string",
                  "x-ms-dynamically-added": true,
                  "description": "Please enter your input",
                  "x-ms-content-hint": "TEXT"
                },
                "text_1": {
                  "title": "Lang",
                  "type": "string",
                  "x-ms-dynamically-added": true,
                  "description": "Please enter your input",
                  "x-ms-content-hint": "TEXT"
                }
              },
              "required": [
                "text",
                "text_1"
              ]
            }
          }
        }
      },
      "actions": {
        "Translate_text": {
          "runAfter": {},
          "metadata": {
            "operationMetadataId": "1a3a50bc-fcb0-44bb-801e-64a0bf3aa348"
          },
          "type": "OpenApiConnection",
          "inputs": {
            "host": {
              "connectionName": "shared_microsofttranslatorv",
              "operationId": "Translate",
              "apiId": "/providers/Microsoft.PowerApps/apis/shared_microsofttranslatorv"
            },
            "parameters": {
              "from": "Auto-detect",
              "to": "@triggerBody()['text_1']",
              "body": [
                {
                  "Text": "@triggerBody()['text']"
                }
              ],
              "textType": "plain",
              "profanityAction": "NoAction",
              "profanityMarker": "Asterisk",
              "includeSentenceLength": "false",
              "category": "general",
              "allowFallback": "false"
            },
            "authentication": "@parameters('$authentication')",
            "retryPolicy": {
              "type": "none"
            }
          }
        },
        "Respond_to_a_PowerApp_or_flow": {
          "runAfter": {
            "Compose": [
              "Succeeded"
            ]
          },
          "metadata": {
            "operationMetadataId": "976b44f4-b5cb-43ff-a1c5-1a7ae9b9af13"
          },
          "type": "Response",
          "kind": "PowerApp",
          "inputs": {
            "statusCode": 200,
            "body": {
              "translatedtext": "@{outputs('Compose')}"
            },
            "schema": {
              "type": "object",
              "properties": {
                "translatedtext": {
                  "title": "TranslatedText",
                  "x-ms-dynamically-added": true,
                  "type": "string"
                }
              }
            }
          }
        },
        "Compose": {
          "runAfter": {
            "Translate_text": [
              "Succeeded"
            ]
          },
          "metadata": {
            "operationMetadataId": "64fda50c-d995-472b-ad37-af7682584be2"
          },
          "type": "Compose",
          "inputs": "@outputs('Translate_text')?['body'][0]['TranslatedText']\r\n"
        }
      }
    },
    "templateName": ""
  },
  "schemaVersion": "1.0.0.0"
}